{
  "bomFormat": "CycloneDX",
  "specVersion": "1.6",
  "serialNumber": "urn:uuid:7c471854-f6c7-4ff9-93b8-fa06f49d1303",
  "version": 1,
  "metadata": {
    "timestamp": "2024-12-07T19:07:20Z",
    "properties": [
      {
        "name": "gitUrl",
        "value": "https://github.com/Mastercard/client-encryption-java"
      },
      {
        "name": "revision",
        "value": "main"
      },
      {
        "name": "commit",
        "value": "6ed5b100b874a89af1f6cacd79f2c7e949c9de2c"
      }
    ]
  },
  "components": [
    {
      "type": "cryptographic-asset",
      "bom-ref": "a057672f-d571-414d-8764-56064dede971",
      "name": "SHA256",
      "evidence": {
        "occurrences": [
          {
            "line": 51,
            "offset": 38,
            "additionalContext": "java.security.MessageDigest#getInstance(Ljava/lang/String;)Ljava/security/MessageDigest;",
            "location": "src/main/java/com/mastercard/developer/encryption/EncryptionConfigBuilder.java"
          }
        ]
      },
      "cryptoProperties": {
        "assetType": "algorithm",
        "algorithmProperties": {
          "primitive": "hash",
          "parameterSetIdentifier": "256",
          "cryptoFunctions": [
            "digest"
          ]
        },
        "oid": "2.16.840.1.101.3.4.2.1"
      }
    },
    {
      "type": "cryptographic-asset",
      "bom-ref": "763f2bd6-fb9a-4c86-9d75-f3171cbc6947",
      "name": "RSA",
      "evidence": {
        "occurrences": [
          {
            "line": 27,
            "offset": 28,
            "additionalContext": "javax.crypto.Cipher#getInstance(Ljava/lang/String;)Ljavax/crypto/Cipher;",
            "location": "src/main/java/com/mastercard/developer/encryption/rsa/RSA.java"
          }
        ]
      },
      "cryptoProperties": {
        "assetType": "algorithm",
        "algorithmProperties": {
          "primitive": "pke",
          "mode": "ecb",
          "padding": "oaep",
          "cryptoFunctions": [
            "encapsulate"
          ]
        },
        "oid": "1.2.840.113549.1.1.1"
      }
    },
    {
      "type": "cryptographic-asset",
      "bom-ref": "7e5d871e-8758-49a7-8887-8049f2a0ae89",
      "name": "key@7e5d871e-8758-49a7-8887-8049f2a0ae89",
      "evidence": {
        "occurrences": [
          {
            "line": 99,
            "offset": 32,
            "additionalContext": "java.security.KeyFactory#getInstance(Ljava/lang/String;)Ljava/security/KeyFactory;",
            "location": "src/main/java/com/mastercard/developer/utils/EncryptionUtils.java"
          }
        ]
      },
      "cryptoProperties": {
        "assetType": "related-crypto-material",
        "relatedCryptoMaterialProperties": {
          "type": "secret-key"
        }
      }
    },
    {
      "type": "cryptographic-asset",
      "bom-ref": "26016771-7708-4b52-8bc9-8ccb65b04f06",
      "name": "secret-key@26016771-7708-4b52-8bc9-8ccb65b04f06",
      "evidence": {
        "occurrences": [
          {
            "line": 74,
            "offset": 31,
            "additionalContext": "javax.crypto.spec.SecretKeySpec#<init>([BLjava/lang/String;)V",
            "location": "src/main/java/com/mastercard/developer/encryption/jwe/JweObject.java"
          }
        ]
      },
      "cryptoProperties": {
        "assetType": "related-crypto-material",
        "relatedCryptoMaterialProperties": {
          "type": "secret-key"
        }
      }
    },
    {
      "type": "cryptographic-asset",
      "bom-ref": "e7163301-dc2d-4395-a8f7-5786a92fb326",
      "name": "AES128-CBC-PKCS5",
      "evidence": {
        "occurrences": [
          {
            "line": 31,
            "offset": 24,
            "additionalContext": "javax.crypto.Cipher#getInstance(Ljava/lang/String;)Ljavax/crypto/Cipher;",
            "location": "src/main/java/com/mastercard/developer/encryption/aes/AESCBC.java"
          }
        ]
      },
      "cryptoProperties": {
        "assetType": "algorithm",
        "algorithmProperties": {
          "primitive": "block-cipher",
          "parameterSetIdentifier": "128",
          "mode": "cbc",
          "padding": "pkcs5"
        },
        "oid": "2.16.840.1.101.3.4.1"
      }
    },
    {
      "type": "cryptographic-asset",
      "bom-ref": "29f45654-0791-4665-b5a3-e5ea204eadb2",
      "name": "AES128",
      "evidence": {
        "occurrences": [
          {
            "line": 112,
            "offset": 37,
            "additionalContext": "javax.crypto.KeyGenerator#getInstance(Ljava/lang/String;)Ljavax/crypto/KeyGenerator;",
            "location": "src/main/java/com/mastercard/developer/encryption/FieldLevelEncryptionParams.java"
          },
          {
            "line": 74,
            "offset": 31,
            "additionalContext": "javax.crypto.spec.SecretKeySpec#<init>([BLjava/lang/String;)V",
            "location": "src/main/java/com/mastercard/developer/encryption/jwe/JweObject.java"
          },
          {
            "line": 32,
            "offset": 15,
            "additionalContext": "javax.crypto.spec.SecretKeySpec#<init>([BLjava/lang/String;)V",
            "location": "src/main/java/com/mastercard/developer/encryption/aes/AESEncryption.java"
          }
        ]
      },
      "cryptoProperties": {
        "assetType": "algorithm",
        "algorithmProperties": {
          "primitive": "block-cipher",
          "parameterSetIdentifier": "128",
          "cryptoFunctions": [
            "keygen"
          ]
        },
        "oid": "2.16.840.1.101.3.4.1"
      }
    },
    {
      "type": "cryptographic-asset",
      "bom-ref": "81b5cc95-d3e9-4d02-9ad3-a83bb287d156",
      "name": "RSA-OAEP",
      "evidence": {
        "occurrences": [
          {
            "line": 27,
            "offset": 28,
            "additionalContext": "javax.crypto.Cipher#getInstance(Ljava/lang/String;)Ljavax/crypto/Cipher;",
            "location": "src/main/java/com/mastercard/developer/encryption/rsa/RSA.java"
          },
          {
            "line": 42,
            "offset": 28,
            "additionalContext": "javax.crypto.Cipher#getInstance(Ljava/lang/String;)Ljavax/crypto/Cipher;",
            "location": "src/main/java/com/mastercard/developer/encryption/rsa/RSA.java"
          }
        ]
      },
      "cryptoProperties": {
        "assetType": "algorithm",
        "algorithmProperties": {
          "primitive": "pke",
          "parameterSetIdentifier": "2048",
          "mode": "ecb",
          "padding": "oaep",
          "cryptoFunctions": [
            "encapsulate"
          ]
        },
        "oid": "1.2.840.113549.1.1.7"
      }
    },
    {
      "type": "cryptographic-asset",
      "bom-ref": "a1821379-bd72-428c-b30f-f8879309e48b",
      "name": "secret-key@a1821379-bd72-428c-b30f-f8879309e48b",
      "evidence": {
        "occurrences": [
          {
            "line": 112,
            "offset": 37,
            "additionalContext": "javax.crypto.KeyGenerator#getInstance(Ljava/lang/String;)Ljavax/crypto/KeyGenerator;",
            "location": "src/main/java/com/mastercard/developer/encryption/FieldLevelEncryptionParams.java"
          }
        ]
      },
      "cryptoProperties": {
        "assetType": "related-crypto-material",
        "relatedCryptoMaterialProperties": {
          "type": "secret-key"
        }
      }
    },
    {
      "type": "cryptographic-asset",
      "bom-ref": "55994d1a-133f-40ba-b469-17de7009d220",
      "name": "AES128-GCM",
      "evidence": {
        "occurrences": [
          {
            "line": 29,
            "offset": 24,
            "additionalContext": "javax.crypto.Cipher#getInstance(Ljava/lang/String;)Ljavax/crypto/Cipher;",
            "location": "src/main/java/com/mastercard/developer/encryption/aes/AESGCM.java"
          }
        ]
      },
      "cryptoProperties": {
        "assetType": "algorithm",
        "algorithmProperties": {
          "primitive": "ae",
          "parameterSetIdentifier": "128",
          "mode": "gcm",
          "cryptoFunctions": [
            "decrypt"
          ]
        },
        "oid": "2.16.840.1.101.3.4.1"
      }
    },
    {
      "type": "cryptographic-asset",
      "bom-ref": "3e069300-dfe9-42bd-96df-7e6fb0eafa30",
      "name": "RSA-2048",
      "evidence": {
        "occurrences": [
          {
            "line": 99,
            "offset": 32,
            "additionalContext": "java.security.KeyFactory#getInstance(Ljava/lang/String;)Ljava/security/KeyFactory;",
            "location": "src/main/java/com/mastercard/developer/utils/EncryptionUtils.java"
          }
        ]
      },
      "cryptoProperties": {
        "assetType": "algorithm",
        "algorithmProperties": {
          "primitive": "pke",
          "parameterSetIdentifier": "2048",
          "cryptoFunctions": [
            "keygen"
          ]
        },
        "oid": "1.2.840.113549.1.1.1"
      }
    },
    {
      "type": "cryptographic-asset",
      "bom-ref": "5fa525fa-df1c-4bb0-8e64-1b50d0ad6cca",
      "name": "secret-key@5fa525fa-df1c-4bb0-8e64-1b50d0ad6cca",
      "evidence": {
        "occurrences": [
          {
            "line": 32,
            "offset": 15,
            "additionalContext": "javax.crypto.spec.SecretKeySpec#<init>([BLjava/lang/String;)V",
            "location": "src/main/java/com/mastercard/developer/encryption/aes/AESEncryption.java"
          }
        ]
      },
      "cryptoProperties": {
        "assetType": "related-crypto-material",
        "relatedCryptoMaterialProperties": {
          "type": "secret-key"
        }
      }
    }
  ],
  "dependencies": [
    {
      "ref": "5fa525fa-df1c-4bb0-8e64-1b50d0ad6cca",
      "dependsOn": [
        "29f45654-0791-4665-b5a3-e5ea204eadb2"
      ]
    },
    {
      "ref": "7e5d871e-8758-49a7-8887-8049f2a0ae89",
      "dependsOn": [
        "3e069300-dfe9-42bd-96df-7e6fb0eafa30"
      ]
    },
    {
      "ref": "26016771-7708-4b52-8bc9-8ccb65b04f06",
      "dependsOn": [
        "29f45654-0791-4665-b5a3-e5ea204eadb2"
      ]
    },
    {
      "ref": "a1821379-bd72-428c-b30f-f8879309e48b",
      "dependsOn": [
        "29f45654-0791-4665-b5a3-e5ea204eadb2"
      ]
    }
  ]
}