{
  "components": [
    {
      "bom-ref": "arrow==1.3.0",
      "description": "Better dates & times for Python",
      "externalReferences": [
        {
          "comment": "from packaging metadata Project-URL: Documentation",
          "type": "documentation",
          "url": "https://arrow.readthedocs.io"
        },
        {
          "comment": "from packaging metadata Project-URL: Issues",
          "type": "issue-tracker",
          "url": "https://github.com/arrow-py/arrow/issues"
        },
        {
          "comment": "from packaging metadata Project-URL: Source",
          "type": "other",
          "url": "https://github.com/arrow-py/arrow"
        }
      ],
      "licenses": [
        {
          "license": {
            "name": "License :: OSI Approved :: Apache Software License"
          }
        }
      ],
      "name": "arrow",
      "purl": "pkg:pypi/arrow@1.3.0",
      "type": "library",
      "version": "1.3.0"
    },
    {
      "bom-ref": "attrs==24.2.0",
      "description": "Classes Without Boilerplate",
      "externalReferences": [
        {
          "comment": "from packaging metadata Project-URL: Documentation",
          "type": "documentation",
          "url": "https://www.attrs.org/"
        },
        {
          "comment": "from packaging metadata Project-URL: Funding",
          "type": "other",
          "url": "https://github.com/sponsors/hynek"
        },
        {
          "comment": "from packaging metadata Project-URL: Tidelift",
          "type": "other",
          "url": "https://tidelift.com/subscription/pkg/pypi-attrs?utm_source=pypi-attrs&utm_medium=pypi"
        },
        {
          "comment": "from packaging metadata Project-URL: Changelog",
          "type": "release-notes",
          "url": "https://www.attrs.org/en/stable/changelog.html"
        },
        {
          "comment": "from packaging metadata Project-URL: GitHub",
          "type": "vcs",
          "url": "https://github.com/python-attrs/attrs"
        }
      ],
      "licenses": [
        {
          "license": {
            "id": "MIT"
          }
        }
      ],
      "name": "attrs",
      "purl": "pkg:pypi/attrs@24.2.0",
      "type": "library",
      "version": "24.2.0"
    },
    {
      "bom-ref": "boolean.py==4.0",
      "description": "Define boolean algebras, create and parse boolean expressions and create custom boolean DSL.",
      "externalReferences": [
        {
          "comment": "from packaging metadata: Home-page",
          "type": "website",
          "url": "https://github.com/bastikr/boolean.py"
        }
      ],
      "licenses": [
        {
          "license": {
            "id": "BSD-2-Clause"
          }
        }
      ],
      "name": "boolean.py",
      "purl": "pkg:pypi/boolean.py@4.0",
      "type": "library",
      "version": "4.0"
    },
    {
      "bom-ref": "chardet==5.2.0",
      "description": "Universal encoding detector for Python 3",
      "externalReferences": [
        {
          "comment": "from packaging metadata Project-URL: Documentation",
          "type": "documentation",
          "url": "https://chardet.readthedocs.io/"
        },
        {
          "comment": "from packaging metadata Project-URL: Issue Tracker",
          "type": "issue-tracker",
          "url": "https://github.com/chardet/chardet/issues"
        },
        {
          "comment": "from packaging metadata Project-URL: GitHub Project",
          "type": "other",
          "url": "https://github.com/chardet/chardet"
        },
        {
          "comment": "from packaging metadata: Home-page",
          "type": "website",
          "url": "https://github.com/chardet/chardet"
        }
      ],
      "licenses": [
        {
          "license": {
            "name": "License :: OSI Approved :: GNU Lesser General Public License v2 or later (LGPLv2+)"
          }
        },
        {
          "license": {
            "name": "declared license of 'chardet'",
            "text": {
              "content": "LGPL",
              "contentType": "text/plain"
            }
          }
        }
      ],
      "name": "chardet",
      "purl": "pkg:pypi/chardet@5.2.0",
      "type": "library",
      "version": "5.2.0"
    },
    {
      "bom-ref": "cyclonedx-bom==5.1.1",
      "description": "CycloneDX Software Bill of Materials (SBOM) generator for Python projects and environments",
      "externalReferences": [
        {
          "comment": "from packaging metadata Project-URL: Documentation",
          "type": "documentation",
          "url": "https://cyclonedx-bom-tool.readthedocs.io/"
        },
        {
          "comment": "from packaging metadata Project-URL: Bug Tracker",
          "type": "issue-tracker",
          "url": "https://github.com/CycloneDX/cyclonedx-python/issues"
        },
        {
          "comment": "from packaging metadata Project-URL: Funding",
          "type": "other",
          "url": "https://owasp.org/donate/?reponame=www-project-cyclonedx&title=OWASP+CycloneDX"
        },
        {
          "comment": "from packaging metadata Project-URL: Repository",
          "type": "vcs",
          "url": "https://github.com/CycloneDX/cyclonedx-python/"
        },
        {
          "comment": "from packaging metadata: Home-page",
          "type": "website",
          "url": "https://github.com/CycloneDX/cyclonedx-python/#readme"
        }
      ],
      "licenses": [
        {
          "license": {
            "id": "Apache-2.0"
          }
        },
        {
          "license": {
            "name": "License :: OSI Approved :: Apache Software License"
          }
        }
      ],
      "name": "cyclonedx-bom",
      "purl": "pkg:pypi/cyclonedx-bom@5.1.1",
      "type": "library",
      "version": "5.1.1"
    },
    {
      "bom-ref": "cyclonedx-python-lib==8.5.0",
      "description": "Python library for CycloneDX",
      "externalReferences": [
        {
          "comment": "from packaging metadata Project-URL: Documentation",
          "type": "documentation",
          "url": "https://cyclonedx-python-library.readthedocs.io/"
        },
        {
          "comment": "from packaging metadata Project-URL: Bug Tracker",
          "type": "issue-tracker",
          "url": "https://github.com/CycloneDX/cyclonedx-python-lib/issues"
        },
        {
          "comment": "from packaging metadata Project-URL: Funding",
          "type": "other",
          "url": "https://owasp.org/donate/?reponame=www-project-cyclonedx&title=OWASP+CycloneDX"
        },
        {
          "comment": "from packaging metadata Project-URL: Repository",
          "type": "vcs",
          "url": "https://github.com/CycloneDX/cyclonedx-python-lib"
        },
        {
          "comment": "from packaging metadata: Home-page",
          "type": "website",
          "url": "https://github.com/CycloneDX/cyclonedx-python-lib/#readme"
        }
      ],
      "licenses": [
        {
          "license": {
            "id": "Apache-2.0"
          }
        },
        {
          "license": {
            "name": "License :: OSI Approved :: Apache Software License"
          }
        }
      ],
      "name": "cyclonedx-python-lib",
      "properties": [
        {
          "name": "cdx:python:package:required-extra",
          "value": "validation"
        }
      ],
      "purl": "pkg:pypi/cyclonedx-python-lib@8.5.0",
      "type": "library",
      "version": "8.5.0"
    },
    {
      "bom-ref": "defusedxml==0.7.1",
      "description": "XML bomb protection for Python stdlib modules",
      "externalReferences": [
        {
          "comment": "from packaging metadata: Download-URL",
          "type": "distribution",
          "url": "https://pypi.python.org/pypi/defusedxml"
        },
        {
          "comment": "from packaging metadata: Home-page",
          "type": "website",
          "url": "https://github.com/tiran/defusedxml"
        }
      ],
      "licenses": [
        {
          "license": {
            "id": "Python-2.0"
          }
        },
        {
          "license": {
            "name": "declared license of 'defusedxml'",
            "text": {
              "content": "PSFL",
              "contentType": "text/plain"
            }
          }
        }
      ],
      "name": "defusedxml",
      "purl": "pkg:pypi/defusedxml@0.7.1",
      "type": "library",
      "version": "0.7.1"
    },
    {
      "bom-ref": "fqdn==1.5.1",
      "description": "Validates fully-qualified domain names against RFC 1123, so that they are acceptable to modern bowsers",
      "externalReferences": [
        {
          "comment": "from packaging metadata: Home-page",
          "type": "website",
          "url": "https://github.com/ypcrts/fqdn"
        }
      ],
      "licenses": [
        {
          "license": {
            "name": "License :: OSI Approved :: Mozilla Public License 2.0 (MPL 2.0)"
          }
        },
        {
          "license": {
            "name": "declared license of 'fqdn'",
            "text": {
              "content": "MPL 2.0",
              "contentType": "text/plain"
            }
          }
        }
      ],
      "name": "fqdn",
      "purl": "pkg:pypi/fqdn@1.5.1",
      "type": "library",
      "version": "1.5.1"
    },
    {
      "bom-ref": "idna==3.10",
      "description": "Internationalized Domain Names in Applications (IDNA)",
      "externalReferences": [
        {
          "comment": "from packaging metadata Project-URL: Issue tracker",
          "type": "issue-tracker",
          "url": "https://github.com/kjd/idna/issues"
        },
        {
          "comment": "from packaging metadata Project-URL: Source",
          "type": "other",
          "url": "https://github.com/kjd/idna"
        },
        {
          "comment": "from packaging metadata Project-URL: Changelog",
          "type": "release-notes",
          "url": "https://github.com/kjd/idna/blob/master/HISTORY.rst"
        }
      ],
      "licenses": [
        {
          "license": {
            "name": "License :: OSI Approved :: BSD License"
          }
        }
      ],
      "name": "idna",
      "purl": "pkg:pypi/idna@3.10",
      "type": "library",
      "version": "3.10"
    },
    {
      "bom-ref": "isoduration==20.11.0",
      "description": "Operations with ISO 8601 durations",
      "externalReferences": [
        {
          "comment": "from packaging metadata Project-URL: Bug Reports",
          "type": "issue-tracker",
          "url": "https://github.com/bolsote/isoduration/issues"
        },
        {
          "comment": "from packaging metadata Project-URL: Changelog",
          "type": "release-notes",
          "url": "https://github.com/bolsote/isoduration/blob/master/CHANGELOG"
        },
        {
          "comment": "from packaging metadata Project-URL: Repository",
          "type": "vcs",
          "url": "https://github.com/bolsote/isoduration"
        },
        {
          "comment": "from packaging metadata: Home-page",
          "type": "website",
          "url": "https://github.com/bolsote/isoduration"
        }
      ],
      "licenses": [
        {
          "license": {
            "id": "ISC"
          }
        },
        {
          "license": {
            "name": "declared license of 'isoduration'",
            "text": {
              "content": "UNKNOWN",
              "contentType": "text/plain"
            }
          }
        }
      ],
      "name": "isoduration",
      "purl": "pkg:pypi/isoduration@20.11.0",
      "type": "library",
      "version": "20.11.0"
    },
    {
      "bom-ref": "jsonpointer==3.0.0",
      "description": "Identify specific nodes in a JSON document (RFC 6901) ",
      "externalReferences": [
        {
          "comment": "from packaging metadata: Home-page",
          "type": "website",
          "url": "https://github.com/stefankoegl/python-json-pointer"
        }
      ],
      "licenses": [
        {
          "license": {
            "name": "License :: OSI Approved :: BSD License"
          }
        },
        {
          "license": {
            "name": "declared license of 'jsonpointer'",
            "text": {
              "content": "Modified BSD License",
              "contentType": "text/plain"
            }
          }
        }
      ],
      "name": "jsonpointer",
      "purl": "pkg:pypi/jsonpointer@3.0.0",
      "type": "library",
      "version": "3.0.0"
    },
    {
      "bom-ref": "jsonschema==4.23.0",
      "description": "An implementation of JSON Schema validation for Python",
      "externalReferences": [
        {
          "comment": "from packaging metadata Project-URL: Documentation",
          "type": "documentation",
          "url": "https://python-jsonschema.readthedocs.io/"
        },
        {
          "comment": "from packaging metadata Project-URL: Issues",
          "type": "issue-tracker",
          "url": "https://github.com/python-jsonschema/jsonschema/issues/"
        },
        {
          "comment": "from packaging metadata Project-URL: Source",
          "type": "other",
          "url": "https://github.com/python-jsonschema/jsonschema"
        },
        {
          "comment": "from packaging metadata Project-URL: Funding",
          "type": "other",
          "url": "https://github.com/sponsors/Julian"
        },
        {
          "comment": "from packaging metadata Project-URL: Tidelift",
          "type": "other",
          "url": "https://tidelift.com/subscription/pkg/pypi-jsonschema?utm_source=pypi-jsonschema&utm_medium=referral&utm_campaign=pypi-link"
        },
        {
          "comment": "from packaging metadata Project-URL: Changelog",
          "type": "release-notes",
          "url": "https://github.com/python-jsonschema/jsonschema/blob/main/CHANGELOG.rst"
        },
        {
          "comment": "from packaging metadata Project-URL: Homepage",
          "type": "website",
          "url": "https://github.com/python-jsonschema/jsonschema"
        }
      ],
      "licenses": [
        {
          "license": {
            "id": "MIT"
          }
        }
      ],
      "name": "jsonschema",
      "properties": [
        {
          "name": "cdx:python:package:required-extra",
          "value": "format"
        }
      ],
      "purl": "pkg:pypi/jsonschema@4.23.0",
      "type": "library",
      "version": "4.23.0"
    },
    {
      "bom-ref": "jsonschema-specifications==2024.10.1",
      "description": "The JSON Schema meta-schemas and vocabularies, exposed as a Registry",
      "externalReferences": [
        {
          "comment": "from packaging metadata Project-URL: Documentation",
          "type": "documentation",
          "url": "https://jsonschema-specifications.readthedocs.io/"
        },
        {
          "comment": "from packaging metadata Project-URL: Issues",
          "type": "issue-tracker",
          "url": "https://github.com/python-jsonschema/jsonschema-specifications/issues/"
        },
        {
          "comment": "from packaging metadata Project-URL: Source",
          "type": "other",
          "url": "https://github.com/python-jsonschema/jsonschema-specifications"
        },
        {
          "comment": "from packaging metadata Project-URL: Funding",
          "type": "other",
          "url": "https://github.com/sponsors/Julian"
        },
        {
          "comment": "from packaging metadata Project-URL: Tidelift",
          "type": "other",
          "url": "https://tidelift.com/subscription/pkg/pypi-jsonschema-specifications?utm_source=pypi-jsonschema-specifications&utm_medium=referral&utm_campaign=pypi-link"
        },
        {
          "comment": "from packaging metadata Project-URL: Homepage",
          "type": "website",
          "url": "https://github.com/python-jsonschema/jsonschema-specifications"
        }
      ],
      "licenses": [
        {
          "license": {
            "id": "MIT"
          }
        }
      ],
      "name": "jsonschema-specifications",
      "purl": "pkg:pypi/jsonschema-specifications@2024.10.1",
      "type": "library",
      "version": "2024.10.1"
    },
    {
      "bom-ref": "license-expression==30.4.0",
      "description": "license-expression is a comprehensive utility library to parse, compare, simplify and normalize license expressions (such as SPDX license expressions) using boolean logic.",
      "externalReferences": [
        {
          "comment": "from packaging metadata: Home-page",
          "type": "website",
          "url": "https://github.com/aboutcode-org/license-expression"
        }
      ],
      "licenses": [
        {
          "license": {
            "id": "Apache-2.0"
          }
        }
      ],
      "name": "license-expression",
      "purl": "pkg:pypi/license-expression@30.4.0",
      "type": "library",
      "version": "30.4.0"
    },
    {
      "bom-ref": "lxml==5.3.0",
      "description": "Powerful and Pythonic XML processing library combining libxml2/libxslt with the ElementTree API.",
      "externalReferences": [
        {
          "comment": "from packaging metadata Project-URL: Source",
          "type": "other",
          "url": "https://github.com/lxml/lxml"
        },
        {
          "comment": "from packaging metadata: Home-page",
          "type": "website",
          "url": "https://lxml.de/"
        }
      ],
      "licenses": [
        {
          "license": {
            "id": "BSD-3-Clause"
          }
        },
        {
          "license": {
            "name": "License :: OSI Approved :: BSD License"
          }
        }
      ],
      "name": "lxml",
      "purl": "pkg:pypi/lxml@5.3.0",
      "type": "library",
      "version": "5.3.0"
    },
    {
      "bom-ref": "packageurl-python==0.16.0",
      "description": "A purl aka. Package URL parser and builder",
      "externalReferences": [
        {
          "comment": "from packaging metadata: Home-page",
          "type": "website",
          "url": "https://github.com/package-url/packageurl-python"
        }
      ],
      "licenses": [
        {
          "license": {
            "id": "MIT"
          }
        }
      ],
      "name": "packageurl-python",
      "purl": "pkg:pypi/packageurl-python@0.16.0",
      "type": "library",
      "version": "0.16.0"
    },
    {
      "bom-ref": "packaging==24.2",
      "description": "Core utilities for Python packages",
      "externalReferences": [
        {
          "comment": "from packaging metadata Project-URL: Documentation",
          "type": "documentation",
          "url": "https://packaging.pypa.io/"
        },
        {
          "comment": "from packaging metadata Project-URL: Source",
          "type": "other",
          "url": "https://github.com/pypa/packaging"
        }
      ],
      "licenses": [
        {
          "license": {
            "name": "License :: OSI Approved :: Apache Software License"
          }
        },
        {
          "license": {
            "name": "License :: OSI Approved :: BSD License"
          }
        }
      ],
      "name": "packaging",
      "purl": "pkg:pypi/packaging@24.2",
      "type": "library",
      "version": "24.2"
    },
    {
      "bom-ref": "pip==24.3.1",
      "description": "The PyPA recommended tool for installing Python packages.",
      "externalReferences": [
        {
          "comment": "from packaging metadata Project-URL: Documentation",
          "type": "documentation",
          "url": "https://pip.pypa.io"
        },
        {
          "comment": "from packaging metadata Project-URL: Source",
          "type": "other",
          "url": "https://github.com/pypa/pip"
        },
        {
          "comment": "from packaging metadata Project-URL: Changelog",
          "type": "release-notes",
          "url": "https://pip.pypa.io/en/stable/news/"
        },
        {
          "comment": "from packaging metadata Project-URL: Homepage",
          "type": "website",
          "url": "https://pip.pypa.io/"
        }
      ],
      "licenses": [
        {
          "license": {
            "id": "MIT"
          }
        }
      ],
      "name": "pip",
      "purl": "pkg:pypi/pip@24.3.1",
      "type": "library",
      "version": "24.3.1"
    },
    {
      "bom-ref": "pip-requirements-parser==32.0.1",
      "description": "pip requirements parser - a mostly correct pip requirements parsing library because it uses pip's own code.",
      "externalReferences": [
        {
          "comment": "from packaging metadata: Home-page",
          "type": "website",
          "url": "https://github.com/nexB/pip-requirements-parser"
        }
      ],
      "licenses": [
        {
          "license": {
            "id": "MIT"
          }
        }
      ],
      "name": "pip-requirements-parser",
      "purl": "pkg:pypi/pip-requirements-parser@32.0.1",
      "type": "library",
      "version": "32.0.1"
    },
    {
      "bom-ref": "py-serializable==1.1.2",
      "description": "Library for serializing and deserializing Python Objects to and from JSON and XML.",
      "externalReferences": [
        {
          "comment": "from packaging metadata Project-URL: Documentation",
          "type": "documentation",
          "url": "https://py-serializable.readthedocs.io/"
        },
        {
          "comment": "from packaging metadata Project-URL: Bug Tracker",
          "type": "issue-tracker",
          "url": "https://github.com/madpah/serializable/issues"
        },
        {
          "comment": "from packaging metadata Project-URL: Repository",
          "type": "vcs",
          "url": "https://github.com/madpah/serializable"
        },
        {
          "comment": "from packaging metadata: Home-page",
          "type": "website",
          "url": "https://github.com/madpah/serializable#readme"
        }
      ],
      "licenses": [
        {
          "license": {
            "id": "Apache-2.0"
          }
        },
        {
          "license": {
            "name": "License :: OSI Approved :: Apache Software License"
          }
        }
      ],
      "name": "py-serializable",
      "purl": "pkg:pypi/py-serializable@1.1.2",
      "type": "library",
      "version": "1.1.2"
    },
    {
      "bom-ref": "pyparsing==3.2.0",
      "description": "pyparsing module - Classes and methods to define and execute parsing grammars",
      "externalReferences": [
        {
          "comment": "from packaging metadata Project-URL: Homepage",
          "type": "website",
          "url": "https://github.com/pyparsing/pyparsing/"
        }
      ],
      "licenses": [
        {
          "license": {
            "id": "MIT"
          }
        }
      ],
      "name": "pyparsing",
      "purl": "pkg:pypi/pyparsing@3.2.0",
      "type": "library",
      "version": "3.2.0"
    },
    {
      "bom-ref": "python-dateutil==2.9.0.post0",
      "description": "Extensions to the standard Python datetime module",
      "externalReferences": [
        {
          "comment": "from packaging metadata Project-URL: Documentation",
          "type": "documentation",
          "url": "https://dateutil.readthedocs.io/en/stable/"
        },
        {
          "comment": "from packaging metadata Project-URL: Source",
          "type": "other",
          "url": "https://github.com/dateutil/dateutil"
        },
        {
          "comment": "from packaging metadata: Home-page",
          "type": "website",
          "url": "https://github.com/dateutil/dateutil"
        }
      ],
      "licenses": [
        {
          "license": {
            "name": "License :: OSI Approved :: Apache Software License"
          }
        },
        {
          "license": {
            "name": "License :: OSI Approved :: BSD License"
          }
        },
        {
          "license": {
            "name": "declared license of 'python-dateutil'",
            "text": {
              "content": "Dual License",
              "contentType": "text/plain"
            }
          }
        }
      ],
      "name": "python-dateutil",
      "purl": "pkg:pypi/python-dateutil@2.9.0.post0",
      "type": "library",
      "version": "2.9.0.post0"
    },
    {
      "bom-ref": "referencing==0.35.1",
      "description": "JSON Referencing + Python",
      "externalReferences": [
        {
          "comment": "from packaging metadata Project-URL: Documentation",
          "type": "documentation",
          "url": "https://referencing.readthedocs.io/"
        },
        {
          "comment": "from packaging metadata Project-URL: Issues",
          "type": "issue-tracker",
          "url": "https://github.com/python-jsonschema/referencing/issues/"
        },
        {
          "comment": "from packaging metadata Project-URL: Source",
          "type": "other",
          "url": "https://github.com/python-jsonschema/referencing"
        },
        {
          "comment": "from packaging metadata Project-URL: Funding",
          "type": "other",
          "url": "https://github.com/sponsors/Julian"
        },
        {
          "comment": "from packaging metadata Project-URL: Tidelift",
          "type": "other",
          "url": "https://tidelift.com/subscription/pkg/pypi-referencing?utm_source=pypi-referencing&utm_medium=referral&utm_campaign=pypi-link"
        },
        {
          "comment": "from packaging metadata Project-URL: Changelog",
          "type": "release-notes",
          "url": "https://referencing.readthedocs.io/en/stable/changes/"
        },
        {
          "comment": "from packaging metadata Project-URL: Homepage",
          "type": "website",
          "url": "https://github.com/python-jsonschema/referencing"
        }
      ],
      "licenses": [
        {
          "license": {
            "id": "MIT"
          }
        }
      ],
      "name": "referencing",
      "purl": "pkg:pypi/referencing@0.35.1",
      "type": "library",
      "version": "0.35.1"
    },
    {
      "bom-ref": "rfc3339-validator==0.1.4",
      "description": "A pure python RFC3339 validator",
      "externalReferences": [
        {
          "comment": "from packaging metadata: Home-page",
          "type": "website",
          "url": "https://github.com/naimetti/rfc3339-validator"
        }
      ],
      "licenses": [
        {
          "license": {
            "id": "MIT"
          }
        },
        {
          "license": {
            "name": "declared license of 'rfc3339-validator'",
            "text": {
              "content": "MIT license",
              "contentType": "text/plain"
            }
          }
        }
      ],
      "name": "rfc3339-validator",
      "purl": "pkg:pypi/rfc3339-validator@0.1.4",
      "type": "library",
      "version": "0.1.4"
    },
    {
      "bom-ref": "rfc3987==1.3.8",
      "description": "Parsing and validation of URIs (RFC 3986) and IRIs (RFC 3987)",
      "externalReferences": [
        {
          "comment": "from packaging metadata: Download-URL",
          "type": "distribution",
          "url": "https://github.com/dgerber/rfc3987"
        },
        {
          "comment": "from packaging metadata: Home-page",
          "type": "website",
          "url": "http://pypi.python.org/pypi/rfc3987"
        }
      ],
      "licenses": [
        {
          "license": {
            "id": "GPL-3.0-or-later"
          }
        },
        {
          "license": {
            "name": "declared license of 'rfc3987'",
            "text": {
              "content": "GNU GPLv3+",
              "contentType": "text/plain"
            }
          }
        }
      ],
      "name": "rfc3987",
      "purl": "pkg:pypi/rfc3987@1.3.8",
      "type": "library",
      "version": "1.3.8"
    },
    {
      "bom-ref": "rpds-py==0.22.3",
      "description": "Python bindings to Rust's persistent data structures (rpds)",
      "externalReferences": [
        {
          "comment": "from packaging metadata Project-URL: Documentation",
          "type": "documentation",
          "url": "https://rpds.readthedocs.io/"
        },
        {
          "comment": "from packaging metadata Project-URL: Issues",
          "type": "issue-tracker",
          "url": "https://github.com/crate-py/rpds/issues/"
        },
        {
          "comment": "from packaging metadata Project-URL: Source",
          "type": "other",
          "url": "https://github.com/crate-py/rpds"
        },
        {
          "comment": "from packaging metadata Project-URL: Upstream",
          "type": "other",
          "url": "https://github.com/orium/rpds"
        },
        {
          "comment": "from packaging metadata Project-URL: Funding",
          "type": "other",
          "url": "https://github.com/sponsors/Julian"
        },
        {
          "comment": "from packaging metadata Project-URL: Tidelift",
          "type": "other",
          "url": "https://tidelift.com/subscription/pkg/pypi-rpds-py?utm_source=pypi-rpds-py&utm_medium=referral&utm_campaign=pypi-link"
        },
        {
          "comment": "from packaging metadata Project-URL: Homepage",
          "type": "website",
          "url": "https://github.com/crate-py/rpds"
        }
      ],
      "licenses": [
        {
          "license": {
            "id": "MIT"
          }
        }
      ],
      "name": "rpds-py",
      "purl": "pkg:pypi/rpds-py@0.22.3",
      "type": "library",
      "version": "0.22.3"
    },
    {
      "bom-ref": "six==1.17.0",
      "description": "Python 2 and 3 compatibility utilities",
      "externalReferences": [
        {
          "comment": "from packaging metadata: Home-page",
          "type": "website",
          "url": "https://github.com/benjaminp/six"
        }
      ],
      "licenses": [
        {
          "license": {
            "id": "MIT"
          }
        }
      ],
      "name": "six",
      "purl": "pkg:pypi/six@1.17.0",
      "type": "library",
      "version": "1.17.0"
    },
    {
      "bom-ref": "sortedcontainers==2.4.0",
      "description": "Sorted Containers -- Sorted List, Sorted Dict, Sorted Set",
      "externalReferences": [
        {
          "comment": "from packaging metadata: Home-page",
          "type": "website",
          "url": "http://www.grantjenks.com/docs/sortedcontainers/"
        }
      ],
      "licenses": [
        {
          "license": {
            "name": "License :: OSI Approved :: Apache Software License"
          }
        },
        {
          "license": {
            "name": "declared license of 'sortedcontainers'",
            "text": {
              "content": "Apache 2.0",
              "contentType": "text/plain"
            }
          }
        }
      ],
      "name": "sortedcontainers",
      "purl": "pkg:pypi/sortedcontainers@2.4.0",
      "type": "library",
      "version": "2.4.0"
    },
    {
      "bom-ref": "types-python-dateutil==2.9.0.20241206",
      "description": "Typing stubs for python-dateutil",
      "externalReferences": [
        {
          "comment": "from packaging metadata Project-URL: Chat",
          "type": "chat",
          "url": "https://gitter.im/python/typing"
        },
        {
          "comment": "from packaging metadata Project-URL: Issue tracker",
          "type": "issue-tracker",
          "url": "https://github.com/python/typeshed/issues"
        },
        {
          "comment": "from packaging metadata Project-URL: Changes",
          "type": "release-notes",
          "url": "https://github.com/typeshed-internal/stub_uploader/blob/main/data/changelogs/python-dateutil.md"
        },
        {
          "comment": "from packaging metadata Project-URL: GitHub",
          "type": "vcs",
          "url": "https://github.com/python/typeshed"
        },
        {
          "comment": "from packaging metadata: Home-page",
          "type": "website",
          "url": "https://github.com/python/typeshed"
        }
      ],
      "licenses": [
        {
          "license": {
            "id": "Apache-2.0"
          }
        },
        {
          "license": {
            "name": "License :: OSI Approved :: Apache Software License"
          }
        }
      ],
      "name": "types-python-dateutil",
      "purl": "pkg:pypi/types-python-dateutil@2.9.0.20241206",
      "type": "library",
      "version": "2.9.0.20241206"
    },
    {
      "bom-ref": "uri-template==1.3.0",
      "description": "RFC 6570 URI Template Processor",
      "externalReferences": [
        {
          "comment": "from packaging metadata Project-URL: homepage",
          "type": "website",
          "url": "https://gitlab.linss.com/open-source/python/uri-template"
        }
      ],
      "licenses": [
        {
          "license": {
            "id": "MIT"
          }
        },
        {
          "license": {
            "name": "declared license of 'uri-template'",
            "text": {
              "content": "MIT License",
              "contentType": "text/plain"
            }
          }
        }
      ],
      "name": "uri-template",
      "purl": "pkg:pypi/uri-template@1.3.0",
      "type": "library",
      "version": "1.3.0"
    },
    {
      "bom-ref": "webcolors==24.11.1",
      "description": "A library for working with the color formats defined by HTML and CSS.",
      "externalReferences": [
        {
          "comment": "from packaging metadata Project-URL: Documentation",
          "type": "documentation",
          "url": "https://webcolors.readthedocs.io"
        },
        {
          "comment": "from packaging metadata Project-URL: Source Code",
          "type": "other",
          "url": "https://github.com/ubernostrum/webcolors"
        }
      ],
      "licenses": [
        {
          "license": {
            "id": "BSD-3-Clause"
          }
        },
        {
          "license": {
            "name": "License :: OSI Approved :: BSD License"
          }
        }
      ],
      "name": "webcolors",
      "purl": "pkg:pypi/webcolors@24.11.1",
      "type": "library",
      "version": "24.11.1"
    }
  ],
  "dependencies": [
    {
      "dependsOn": [
        "python-dateutil==2.9.0.post0",
        "types-python-dateutil==2.9.0.20241206"
      ],
      "ref": "arrow==1.3.0"
    },
    {
      "ref": "attrs==24.2.0"
    },
    {
      "ref": "boolean.py==4.0"
    },
    {
      "ref": "chardet==5.2.0"
    },
    {
      "dependsOn": [
        "chardet==5.2.0",
        "cyclonedx-python-lib==8.5.0",
        "packageurl-python==0.16.0",
        "packaging==24.2",
        "pip-requirements-parser==32.0.1"
      ],
      "ref": "cyclonedx-bom==5.1.1"
    },
    {
      "dependsOn": [
        "jsonschema==4.23.0",
        "license-expression==30.4.0",
        "lxml==5.3.0",
        "packageurl-python==0.16.0",
        "py-serializable==1.1.2",
        "sortedcontainers==2.4.0"
      ],
      "ref": "cyclonedx-python-lib==8.5.0"
    },
    {
      "ref": "defusedxml==0.7.1"
    },
    {
      "ref": "fqdn==1.5.1"
    },
    {
      "ref": "idna==3.10"
    },
    {
      "dependsOn": [
        "arrow==1.3.0"
      ],
      "ref": "isoduration==20.11.0"
    },
    {
      "ref": "jsonpointer==3.0.0"
    },
    {
      "dependsOn": [
        "referencing==0.35.1"
      ],
      "ref": "jsonschema-specifications==2024.10.1"
    },
    {
      "dependsOn": [
        "attrs==24.2.0",
        "fqdn==1.5.1",
        "idna==3.10",
        "isoduration==20.11.0",
        "jsonpointer==3.0.0",
        "jsonschema-specifications==2024.10.1",
        "referencing==0.35.1",
        "rfc3339-validator==0.1.4",
        "rfc3987==1.3.8",
        "rpds-py==0.22.3",
        "uri-template==1.3.0",
        "webcolors==24.11.1"
      ],
      "ref": "jsonschema==4.23.0"
    },
    {
      "dependsOn": [
        "boolean.py==4.0"
      ],
      "ref": "license-expression==30.4.0"
    },
    {
      "ref": "lxml==5.3.0"
    },
    {
      "ref": "packageurl-python==0.16.0"
    },
    {
      "ref": "packaging==24.2"
    },
    {
      "dependsOn": [
        "packaging==24.2",
        "pyparsing==3.2.0"
      ],
      "ref": "pip-requirements-parser==32.0.1"
    },
    {
      "ref": "pip==24.3.1"
    },
    {
      "dependsOn": [
        "defusedxml==0.7.1"
      ],
      "ref": "py-serializable==1.1.2"
    },
    {
      "ref": "pyparsing==3.2.0"
    },
    {
      "dependsOn": [
        "six==1.17.0"
      ],
      "ref": "python-dateutil==2.9.0.post0"
    },
    {
      "dependsOn": [
        "attrs==24.2.0",
        "rpds-py==0.22.3"
      ],
      "ref": "referencing==0.35.1"
    },
    {
      "dependsOn": [
        "six==1.17.0"
      ],
      "ref": "rfc3339-validator==0.1.4"
    },
    {
      "ref": "rfc3987==1.3.8"
    },
    {
      "ref": "rpds-py==0.22.3"
    },
    {
      "ref": "six==1.17.0"
    },
    {
      "ref": "sortedcontainers==2.4.0"
    },
    {
      "ref": "types-python-dateutil==2.9.0.20241206"
    },
    {
      "ref": "uri-template==1.3.0"
    },
    {
      "ref": "webcolors==24.11.1"
    }
  ],
  "metadata": {
    "timestamp": "2024-12-08T17:43:42.562952+00:00",
    "tools": {
      "components": [
        {
          "description": "CycloneDX Software Bill of Materials (SBOM) generator for Python projects and environments",
          "externalReferences": [
            {
              "type": "build-system",
              "url": "https://github.com/CycloneDX/cyclonedx-python/actions"
            },
            {
              "type": "distribution",
              "url": "https://pypi.org/project/cyclonedx-bom/"
            },
            {
              "type": "documentation",
              "url": "https://cyclonedx-bom-tool.readthedocs.io/"
            },
            {
              "type": "issue-tracker",
              "url": "https://github.com/CycloneDX/cyclonedx-python/issues"
            },
            {
              "type": "license",
              "url": "https://github.com/CycloneDX/cyclonedx-python/blob/main/LICENSE"
            },
            {
              "type": "release-notes",
              "url": "https://github.com/CycloneDX/cyclonedx-python/blob/main/CHANGELOG.md"
            },
            {
              "type": "vcs",
              "url": "https://github.com/CycloneDX/cyclonedx-python/"
            },
            {
              "type": "website",
              "url": "https://github.com/CycloneDX/cyclonedx-python/#readme"
            }
          ],
          "group": "CycloneDX",
          "licenses": [
            {
              "license": {
                "id": "Apache-2.0"
              }
            }
          ],
          "name": "cyclonedx-py",
          "type": "application",
          "version": "5.1.1"
        },
        {
          "description": "Python library for CycloneDX",
          "externalReferences": [
            {
              "type": "build-system",
              "url": "https://github.com/CycloneDX/cyclonedx-python-lib/actions"
            },
            {
              "type": "distribution",
              "url": "https://pypi.org/project/cyclonedx-python-lib/"
            },
            {
              "type": "documentation",
              "url": "https://cyclonedx-python-library.readthedocs.io/"
            },
            {
              "type": "issue-tracker",
              "url": "https://github.com/CycloneDX/cyclonedx-python-lib/issues"
            },
            {
              "type": "license",
              "url": "https://github.com/CycloneDX/cyclonedx-python-lib/blob/main/LICENSE"
            },
            {
              "type": "release-notes",
              "url": "https://github.com/CycloneDX/cyclonedx-python-lib/blob/main/CHANGELOG.md"
            },
            {
              "type": "vcs",
              "url": "https://github.com/CycloneDX/cyclonedx-python-lib"
            },
            {
              "type": "website",
              "url": "https://github.com/CycloneDX/cyclonedx-python-lib/#readme"
            }
          ],
          "group": "CycloneDX",
          "licenses": [
            {
              "license": {
                "id": "Apache-2.0"
              }
            }
          ],
          "name": "cyclonedx-python-lib",
          "type": "library",
          "version": "8.5.0"
        }
      ]
    }
  },
  "serialNumber": "urn:uuid:af9a2a4e-c4fb-4847-8f86-4f7e8e9e497f",
  "version": 1,
  "$schema": "http://cyclonedx.org/schema/bom-1.5.schema.json",
  "bomFormat": "CycloneDX",
  "specVersion": "1.5"
}